gene,logFC,AveExpr,t,PValue,FDR,B,DE_status,timepoint,cell_type
IFIT2,0.484696574557877,2.58247792,1.94680827809552,0.073271078733168,0.804251300283171,-4.03351388687881,NS,1_month,B Cell
IFIT3,0.500397495930466,1.19466987733333,1.84045698173939,0.0884061376848017,0.816845299099684,-4.12559661540628,NS,1_month,B Cell
CXCR4,-0.243292368770095,7.11134853333333,-1.68940993245358,0.114729916446234,0.825907288035581,-4.25264089213637,NS,1_month,B Cell
HAVCR2,0.369674255289389,1.27983417533333,1.62447722973914,0.128024419890793,0.834874721559051,-4.3056672284408,NS,1_month,B Cell
PDCD1,0.249946487136254,0.510026016,1.46615112398213,0.166142349803552,0.84632172018853,-4.43023401697292,NS,1_month,B Cell
CD40LG,0.388299658894694,1.24674680733333,1.36864744287419,0.194069910857214,0.857334985115391,-4.50316249472794,NS,1_month,B Cell
CCR4,0.318458804686495,0.973694068666667,1.26116093626145,0.229197417973277,0.866851195261157,-4.57976162753691,NS,1_month,B Cell
GZMK,-0.563951410926447,1.555704944,-1.23677444825305,0.237834846572898,0.867714335173729,-4.59654460489477,NS,1_month,B Cell
CXCR5,-0.136144747186495,5.06896815333333,-1.23282265296436,0.239258427094283,0.867714335173729,-4.59924265782031,NS,1_month,B Cell
GZMA,-0.402675114425241,2.08354652533333,-1.1003979418295,0.290922985505115,0.887090130018841,-4.6860084706181,NS,1_month,B Cell
ITGB1,0.291115519272509,4.37504208,1.00873666185041,0.331328641841987,0.894571582725408,-4.74166159986707,NS,1_month,B Cell
ALAS2,-0.526903442343248,1.05334727333333,-0.664796352978417,0.517686606798751,0.933078342946656,-4.91394109053972,NS,1_month,B Cell
CCR6,-0.106841044393088,3.45850694,-0.601745243714892,0.557591000207302,0.939482430988032,-4.9386574731461,NS,1_month,B Cell
ISG15,0.0998725333400312,3.63439611333333,0.55603777593984,0.587535308714082,0.946444490577219,-4.95515010861879,NS,1_month,B Cell
TNF,-0.12708313199357,2.64872536,-0.49977484062606,0.625503408364367,0.952538246827019,-4.97377252880436,NS,1_month,B Cell
PRF1,-0.132436479409164,1.83551759266667,-0.452695813760095,0.65815685464139,0.961136366995865,-4.98790704339474,NS,1_month,B Cell
CTLA4,0.0677131865434082,1.28378304266667,0.187949941179866,0.853789291110515,0.98836856092987,-5.04197855149388,NS,1_month,B Cell
TIGIT,0.0268437376607715,1.40709819333333,0.124149185128856,0.903077524928,0.99295457696004,-5.0483906185147,NS,1_month,B Cell
GZMB,-0.0152776740554665,1.96366127333333,-0.0477466542829361,0.962636730591807,0.995759800887008,-5.05262721311709,NS,1_month,B Cell
LAG3,0.00557426515072312,0.93694664,0.0287142816744288,0.977524301144516,0.997659935004749,-5.05309701408394,NS,1_month,B Cell
IFIT2,0.766299527150322,2.57920179333333,3.18786963600076,0.00671489336402473,0.893916589986568,-3.60854338329816,NS,1_month,CD14 Monocyte
CXCR5,-0.527622651497187,1.91402532466667,-2.12411405368678,0.0523254859837161,0.893916589986568,-4.1374441942654,NS,1_month,CD14 Monocyte
IFIT3,0.437795421404743,1.950996694,1.91725118482357,0.0762453322783989,0.893916589986568,-4.24036210496601,NS,1_month,CD14 Monocyte
HAVCR2,-0.289784620297429,4.60883999333333,-2.00107406413566,0.0655503087480203,0.893916589986568,-4.19894441560879,NS,1_month,CD14 Monocyte
ITGB1,-0.140747141820739,5.47722666666667,-1.22430457850131,0.241423980517559,0.893916589986568,-4.55242656783242,NS,1_month,CD14 Monocyte
GZMB,0.296906947849679,2.5466578,1.07256797359338,0.301950185246854,0.895432595641608,-4.6094223902817,NS,1_month,CD14 Monocyte
PDCD1,-0.159401861396704,0.94668332,-0.995773472809817,0.336581449055282,0.895432595641608,-4.63614091628126,NS,1_month,CD14 Monocyte
GZMA,-0.279143193709808,2.22542246,-0.831795582156475,0.419752073377838,0.901808210007012,-4.68787715568146,NS,1_month,CD14 Monocyte
CCR6,-0.238247873965033,1.220093752,-0.820550668081217,0.425915384212379,0.903061300075284,-4.69114349843966,NS,1_month,CD14 Monocyte
CTLA4,-0.150978758639469,1.17915171533333,-0.735012427245042,0.47469640402131,0.917126211956172,-4.7147401182021,NS,1_month,CD14 Monocyte
ISG15,-0.161727752692926,4.22634238666667,-0.733330601121769,0.475688738185461,0.91736581740948,-4.71518149227025,NS,1_month,CD14 Monocyte
CCR4,-0.104299764899518,0.816641222666667,-0.504476324631585,0.621923166679971,0.943400041301633,-4.76666411937993,NS,1_month,CD14 Monocyte
PRF1,-0.0914861361937298,2.18196264666667,-0.413128294189722,0.685890181175448,0.960475593636459,-4.78222897274326,NS,1_month,CD14 Monocyte
CXCR4,-0.0686021992966257,5.38590010666667,-0.399539778151173,0.69563956474752,0.962332244935838,-4.78429107975387,NS,1_month,CD14 Monocyte
TNF,-0.0966033090434086,2.35494732,-0.376548627815858,0.712262455723086,0.966567261050298,-4.78762873787257,NS,1_month,CD14 Monocyte
LAG3,-0.0864107489348877,0.668417083333333,-0.365822849144928,0.720070313753374,0.9678079847387,-4.78912045027782,NS,1_month,CD14 Monocyte
CD40LG,-0.0628408920357716,0.876373756,-0.267381975556639,0.793148341338053,0.979386288325746,-4.80084701309714,NS,1_month,CD14 Monocyte
ALAS2,-0.113408123814308,0.932342636,-0.223109307752791,0.826734588534558,0.984517924122796,-4.80495275378124,NS,1_month,CD14 Monocyte
GZMK,-0.0224096575361736,1.42230233,-0.0591434689746375,0.953689771212442,0.993991527600942,-4.81373853482378,NS,1_month,CD14 Monocyte
TIGIT,-0.00936777179260462,0.863969388666667,-0.0502701551812103,0.960630880106951,0.995330327997193,-4.81392336502119,NS,1_month,CD14 Monocyte
CCR6,0.578496463327974,0.530795768,2.4257809348666,0.0290640033683869,0.715602775055577,-3.60430586630278,NS,1_month,CD16 Monocyte
ISG15,-0.219892851507234,4.83996972666667,-1.55273794166202,0.142342491097353,0.751787754312646,-4.36031437682563,NS,1_month,CD16 Monocyte
CXCR4,0.367300696463023,5.28459106666667,1.46534876336599,0.16447559142125,0.764285794299452,-4.42710629424483,NS,1_month,CD16 Monocyte
LAG3,0.251979959919614,0.323343412666667,1.21345247528608,0.244628745823138,0.800222984313747,-4.60528046197809,NS,1_month,CD16 Monocyte
PDCD1,0.222851669455386,0.241833533333333,1.21572973070113,0.243786254178013,0.800222984313747,-4.60377525644608,NS,1_month,CD16 Monocyte
GZMB,0.641562477110129,1.22843312666667,1.15650383204531,0.266439332903506,0.805253077532705,-4.64224124088372,NS,1_month,CD16 Monocyte
TNF,0.279052873673632,3.81551235333333,1.11157084107141,0.284670713784838,0.809569878021017,-4.67045520279285,NS,1_month,CD16 Monocyte
IFIT3,0.27070710637058,3.00396779333333,0.968090176619123,0.34909584493625,0.833610787155572,-4.75461433859107,NS,1_month,CD16 Monocyte
HAVCR2,0.174430750100483,3.69024242666667,0.971082779046,0.347654193480162,0.833610787155572,-4.75295512972374,NS,1_month,CD16 Monocyte
GZMA,0.360017542262862,1.28848874,0.871006839878237,0.398143870087099,0.847148268072495,-4.8061088841367,NS,1_month,CD16 Monocyte
CCR4,-0.183541461384646,0.333401301333333,-0.784679785493889,0.445452456065836,0.866886646596023,-4.84796425439017,NS,1_month,CD16 Monocyte
PRF1,0.291489165721462,1.21645917133333,0.65006027703428,0.525964104877931,0.889471166770898,-4.90544106230959,NS,1_month,CD16 Monocyte
ALAS2,0.0570129966720257,0.0246585546666667,0.629940123492123,0.538674216653028,0.889471166770898,-4.91318613137278,NS,1_month,CD16 Monocyte
CTLA4,0.192678575673231,1.007840386,0.611039920438893,0.550767495627763,0.892106894535958,-4.92025661472693,NS,1_month,CD16 Monocyte
IFIT2,0.246215031812702,3.64294907333333,0.587214365759621,0.566220683072208,0.897311198760685,-4.92888449645243,NS,1_month,CD16 Monocyte
ITGB1,-0.0452720417805459,5.27794716666667,-0.490477534370649,0.631239762199545,0.91699837117894,-4.96059499745536,NS,1_month,CD16 Monocyte
CD40LG,0.0590938218770097,0.265256129333333,0.242126574252978,0.812121624348976,0.961911525991366,-5.01671685040411,NS,1_month,CD16 Monocyte
CXCR5,0.058749856659968,1.03895065133333,0.191511411058632,0.85081884272647,0.967859517037386,-5.02355523436673,NS,1_month,CD16 Monocyte
TIGIT,0.0182050860731511,0.329963654666667,0.0883173415818032,0.930849942802242,0.982678002794588,-5.03257474486304,NS,1_month,CD16 Monocyte
GZMK,0.0206699093649516,0.68794018,0.0522986002700997,0.959014664801913,0.990779429107581,-5.03415937437967,NS,1_month,CD16 Monocyte
IFIT2,0.947963459103699,3.94663512,1.49558287671823,0.158446065472476,0.967373261342044,-4.42022418605448,NS,1_month,CD8 T Cell
IFIT3,0.771043032355305,2.92352418666667,1.14081579261884,0.274362226497306,0.967373261342044,-4.59613225976898,NS,1_month,CD8 T Cell
GZMK,-0.572596499497588,5.40512840666667,-1.32288747777502,0.208488259733016,0.967373261342044,-4.5095517320793,NS,1_month,CD8 T Cell
CCR4,-0.509474413502814,1.435348386,-1.3648607232107,0.195268141336485,0.967373261342044,-4.48843291633139,NS,1_month,CD8 T Cell
CXCR5,-0.409792070699356,1.69423407333333,-1.66198582803044,0.120231515137554,0.967373261342044,-4.32878170429248,NS,1_month,CD8 T Cell
GZMA,-0.409092416901125,5.98462942,-1.69599960191461,0.11349244439883,0.967373261342044,-4.30954897407304,NS,1_month,CD8 T Cell
PDCD1,-0.39346608380225,2.77411112666667,-1.98997804075605,0.0678704770116207,0.967373261342044,-4.13758022875726,NS,1_month,CD8 T Cell
CTLA4,-0.301409275562701,2.35644208,-1.63350305844942,0.126141373090661,0.967373261342044,-4.34475580541782,NS,1_month,CD8 T Cell
TNF,0.196473793689711,4.63813842,0.82201371249627,0.425769664649299,0.967373261342044,-4.72435744488124,NS,1_month,CD8 T Cell
PRF1,-0.189865370096464,5.30834172666667,-0.798375939272662,0.438878779866315,0.967373261342044,-4.73250625430537,NS,1_month,CD8 T Cell
LAG3,-0.172348420136657,4.25759251333333,-1.39724271812681,0.185544761434341,0.967373261342044,-4.47186988167147,NS,1_month,CD8 T Cell
TIGIT,0.131345931571544,3.55116761333333,0.657516522732087,0.522228336205175,0.967373261342044,-4.77675557791776,NS,1_month,CD8 T Cell
CXCR4,-0.112354089067527,7.32893446,-0.86414394968807,0.403045854169012,0.967373261342044,-4.709338747995,NS,1_month,CD8 T Cell
ALAS2,-0.258854819067524,0.555759391666667,-0.475925449824787,0.641962018998839,0.971952541248958,-4.82224429093479,NS,1_month,CD8 T Cell
ITGB1,0.0708184841036985,5.39924974666667,0.440183128809249,0.666975909874185,0.972716857798239,-4.82958324696066,NS,1_month,CD8 T Cell
HAVCR2,0.112061333460611,1.98180726,0.419785349855804,0.681441391283316,0.974288510938109,-4.83352658119642,NS,1_month,CD8 T Cell
CCR6,-0.167074676507236,2.74644071333333,-0.416209091999911,0.6839913217687,0.974837145789354,-4.83419949456252,NS,1_month,CD8 T Cell
CD40LG,0.0911706076366565,2.82089324,0.301890117029311,0.767472443548705,0.983537228114785,-4.85277017236794,NS,1_month,CD8 T Cell
ISG15,-0.0502953880827972,4.39685428666667,-0.22278573572351,0.827136384684413,0.98938832178241,-4.86222850246026,NS,1_month,CD8 T Cell
GZMB,0.0413525470056282,5.76046905333333,0.154605184805335,0.879487825562371,0.991902058116864,-4.86811585958131,NS,1_month,CD8 T Cell
IFIT3,0.895897770659164,1.11492279333333,2.15589371671707,0.0481617507151259,0.932135200685396,-4.40397379523195,NS,1_month,cDC2
CXCR5,-0.76902424375,1.05574288,-1.59269603299344,0.132582433000968,0.932135200685396,-4.50794798141981,NS,1_month,cDC2
GZMK,0.599458011515273,0.645021986666667,1.35041521872711,0.197387346590858,0.932135200685396,-4.54871028174895,NS,1_month,cDC2
HAVCR2,-0.596226742684887,4.23751974666667,-3.23273201753785,0.00572558307157552,0.932135200685396,-4.20450028696238,NS,1_month,cDC2
GZMB,0.465090922226688,5.5098891,1.67279196905693,0.115592883199085,0.932135200685396,-4.49378213231953,NS,1_month,cDC2
IFIT2,0.437939863826367,3.12455142666667,0.984489776240124,0.340864428729283,0.932135200685396,-4.60213384432003,NS,1_month,cDC2
TNF,0.424954165755626,1.24280664666667,0.966409111250536,0.349531925649928,0.932135200685396,-4.60445710098754,NS,1_month,cDC2
TIGIT,0.407062420217042,0.613468004,0.992622367302469,0.337015805059794,0.932135200685396,-4.60107806635281,NS,1_month,cDC2
LAG3,0.378215652351286,0.310260654,1.28008793482948,0.220424175530499,0.932135200685396,-4.55983206828054,NS,1_month,cDC2
ALAS2,-0.377211152411575,0.153349893333333,-1.39317960948908,0.184356832704792,0.932135200685396,-4.54177722642121,NS,1_month,cDC2
CCR6,-0.251426035192926,1.524113324,-0.664210385910752,0.516879853424536,0.943281262911367,-4.63797232792842,NS,1_month,cDC2
CD40LG,0.0957918975884244,0.07323627,0.647337685889095,0.527433187119658,0.943281262911367,-4.63952540091797,NS,1_month,cDC2
ITGB1,0.0747356347668813,4.44841273333333,0.496233956030335,0.62709574275252,0.959747315047186,-4.6518005536631,NS,1_month,cDC2
PRF1,-0.118348203476688,0.686320417333333,-0.406464618283097,0.690280183874329,0.971598870614122,-4.65764896422689,NS,1_month,cDC2
PDCD1,-0.116301145265273,0.509068294666667,-0.39583894363038,0.697931891697437,0.971598870614122,-4.65826769706388,NS,1_month,cDC2
CCR4,0.0675745383842443,0.104995533333333,0.375841474007353,0.712424229594305,0.971598870614122,-4.65938939354867,NS,1_month,cDC2
GZMA,0.118234500241157,0.85492104,0.321077627391004,0.752688860862285,0.97460861685735,-4.66217299151883,NS,1_month,cDC2
CXCR4,-0.0448021471061075,6.41118704666667,-0.225845832563914,0.824443538913581,0.980628364133927,-4.66599344440196,NS,1_month,cDC2
CTLA4,-0.0111495996985526,1.36600495666667,-0.0234043884494802,0.981643688513404,0.999113183111867,-4.66971875631411,NS,1_month,cDC2
ISG15,-0.00200066804662313,3.8512847,-0.00460262592433815,0.9963897729444,0.999954702280533,-4.6697577593294,NS,1_month,cDC2
GZMK,-1.36172544324759,1.90127228866667,-3.23637631302249,0.00661966030294593,0.89123232744596,-3.41662625973975,NS,1_month,Lymphocyte
ALAS2,-1.15023491185289,1.97583634866667,-1.28125621264925,0.222846510607075,0.89123232744596,-4.53001683563441,NS,1_month,Lymphocyte
IFIT2,1.0297324511053,2.47972128,2.80103953132806,0.0151972883017766,0.89123232744596,-3.66361060889474,NS,1_month,Lymphocyte
GZMA,-0.80446725744574,1.193784664,-2.51433252983636,0.0261359567628222,0.89123232744596,-3.83275392591915,NS,1_month,Lymphocyte
IFIT3,0.78414480192926,1.63948765,2.09451517663194,0.056712102637975,0.89123232744596,-4.08301194594559,NS,1_month,Lymphocyte
CD40LG,0.368146458319935,3.84953464,2.92330767518851,0.0120392364689854,0.89123232744596,-3.5928023001238,NS,1_month,Lymphocyte
PDCD1,-0.359732750592846,0.707696020666667,-1.97753869425873,0.0699391027899626,0.89123232744596,-4.15190682848161,NS,1_month,Lymphocyte
CCR4,0.299462870940513,1.7586448,1.03968501782216,0.317741931450569,0.89123232744596,-4.63861765728758,NS,1_month,Lymphocyte
TNF,0.282531018247589,2.299259,1.14631758092384,0.272657688748951,0.89123232744596,-4.59262723342166,NS,1_month,Lymphocyte
CXCR4,-0.153166588866559,6.69952534,-1.34790845141157,0.201077394745268,0.89123232744596,-4.49745147810663,NS,1_month,Lymphocyte
LAG3,-0.138840210506431,1.385143318,-0.775026612499462,0.452415048081753,0.904260041948393,-4.73738186499967,NS,1_month,Lymphocyte
PRF1,0.125178779180064,1.56447885333333,0.765211655631497,0.458033483340457,0.904260041948393,-4.74058200705111,NS,1_month,Lymphocyte
ISG15,-0.132792994674438,3.79657811333333,-0.731963050651366,0.477389663228148,0.908273607629611,-4.75116027915189,NS,1_month,Lymphocyte
CCR6,-0.290311306471061,1.83812744666667,-0.621035609067895,0.545485159826056,0.920492462563452,-4.78343730176503,NS,1_month,Lymphocyte
TIGIT,-0.125378348231511,2.00800256,-0.622540597621914,0.544526163942849,0.920492462563452,-4.78303121698877,NS,1_month,Lymphocyte
HAVCR2,-0.119892692825563,1.38099414,-0.426888169046219,0.676558692507247,0.94767857377044,-4.82813357428783,NS,1_month,Lymphocyte
CXCR5,0.0718987189308677,2.01082800666667,0.323958110672228,0.751206183644549,0.961733734988366,-4.84540410658535,NS,1_month,Lymphocyte
ITGB1,-0.0410743445136652,3.98069762,-0.266703338087816,0.793949060010876,0.968814677411046,-4.85301288419763,NS,1_month,Lymphocyte
CTLA4,0.0411397937700975,3.575058,0.186471938827631,0.85499976914193,0.97907459704174,-4.86122862466292,NS,1_month,Lymphocyte
GZMB,-0.0324173012781354,0.50174854,-0.162234657811866,0.873656005903719,0.982061650558632,-4.8631436606887,NS,1_month,Lymphocyte
GZMK,-0.916686382837619,3.95945216666667,-2.01674079021874,0.0642505396529585,0.805534155738599,-4.08857856470679,NS,1_month,Memory CD4 T Cell
GZMA,-0.903419482174437,3.59095723333333,-2.25987262239221,0.0411049171740125,0.805534155738599,-3.92737333146736,NS,1_month,Memory CD4 T Cell
IFIT3,0.690901098472669,2.13912174666667,1.79600114562136,0.0950997992248654,0.805534155738599,-4.23081281147673,NS,1_month,Memory CD4 T Cell
LAG3,-0.483023016680065,2.25643632,-2.17491025173753,0.0481218180785387,0.805534155738599,-3.98406297346536,NS,1_month,Memory CD4 T Cell
CD40LG,0.369433730586817,3.93639526,2.46524019824921,0.0279267031185218,0.805534155738599,-3.78963505130531,NS,1_month,Memory CD4 T Cell
TNF,0.227234595076367,3.56477335333333,1.6806706950508,0.116009578034308,0.811892143381617,-4.30269469719507,NS,1_month,Memory CD4 T Cell
IFIT2,0.784393633822346,2.94561613333333,1.55492415545393,0.143292475543117,0.813692232334224,-4.3785799680514,NS,1_month,Memory CD4 T Cell
CXCR4,-0.129271501607717,7.06964326666667,-1.43142829477439,0.175249270885878,0.817789675672506,-4.45008747089004,NS,1_month,Memory CD4 T Cell
CCR6,-0.260757953677653,4.49855807333333,-1.4049436072239,0.182827389536226,0.819266830367236,-4.46498405718218,NS,1_month,Memory CD4 T Cell
PRF1,-0.241135827893891,2.33768848,-1.12311985265572,0.281135023854126,0.849426140447732,-4.61219680337144,NS,1_month,Memory CD4 T Cell
ITGB1,-0.13453040148714,5.7397592,-1.13230990362348,0.277388506771393,0.849426140447732,-4.60775618669005,NS,1_month,Memory CD4 T Cell
HAVCR2,-0.150876848532958,1.49938704,-1.06336124947681,0.306433361496899,0.854165321155988,-4.64041718920351,NS,1_month,Memory CD4 T Cell
CCR4,0.143845214971864,4.01582044,1.02927594391403,0.321597727836659,0.857419818832354,-4.65599077138746,NS,1_month,Memory CD4 T Cell
GZMB,0.122202666862942,0.449484991333333,0.940331154366085,0.363714844074833,0.864170407699,-4.69475465239382,NS,1_month,Memory CD4 T Cell
ISG15,-0.198039766137459,4.27890092,-0.833675918233985,0.419097966893262,0.878813348848349,-4.73746217512454,NS,1_month,Memory CD4 T Cell
CXCR5,-0.123717003376207,2.74249945333333,-0.680689498600574,0.507676774421691,0.904835136070322,-4.79098645211182,NS,1_month,Memory CD4 T Cell
TIGIT,-0.108439371221865,3.37790644666667,-0.581222583625435,0.570752222045219,0.926620240764398,-4.82056857846919,NS,1_month,Memory CD4 T Cell
PDCD1,-0.109281875622991,2.65852825333333,-0.551505087585247,0.590379433927569,0.931912290478602,-4.82857331700955,NS,1_month,Memory CD4 T Cell
CTLA4,0.0610547860530533,4.12533949333333,0.340041280988767,0.739104423365066,0.957407958560375,-4.87397455100309,NS,1_month,Memory CD4 T Cell
ALAS2,-0.0115120514891478,0.230766515333333,-0.0565333094526162,0.95575247609875,0.992933481328024,-4.90151895129348,NS,1_month,Memory CD4 T Cell
GZMK,-1.11395357106109,3.15758670666667,-3.19220702084475,0.00488286971361521,0.962835254476963,-4.2037181639742,NS,1_month,Naive CD4 T Cell
IFIT3,1.09633771243971,2.63721748,1.89099463308194,0.0742685630808255,0.962835254476963,-4.45739406464389,NS,1_month,Naive CD4 T Cell
ALAS2,0.949794249598071,2.34276064666667,0.823714852618388,0.420514531466734,0.962835254476963,-4.61974374739585,NS,1_month,Naive CD4 T Cell
IFIT2,0.899290148593247,3.40800658,1.7879387526715,0.090051743847335,0.962835254476963,-4.47632689995483,NS,1_month,Naive CD4 T Cell
TNF,0.566612116519293,3.99008414666667,1.90831948984323,0.0718694875687407,0.962835254476963,-4.45416908694523,NS,1_month,Naive CD4 T Cell
LAG3,-0.418867232998393,2.23205654666667,-1.3437382754427,0.195159792226253,0.962835254476963,-4.551446450058,NS,1_month,Naive CD4 T Cell
PDCD1,-0.367560253878617,1.92865736666667,-0.819007045170423,0.423128572524442,0.962835254476963,-4.62023816047854,NS,1_month,Naive CD4 T Cell
CD40LG,0.355811762077975,3.18172097333333,1.22650831192035,0.235272924787025,0.962835254476963,-4.56900106198847,NS,1_month,Naive CD4 T Cell
CXCR4,-0.289108470016076,6.61124209333333,-2.26879396573434,0.0353609730063892,0.962835254476963,-4.385014276606,NS,1_month,Naive CD4 T Cell
CCR4,0.247213120016076,3.59784408666667,1.15693849712396,0.261906666093828,0.962835254476963,-4.57887370638036,NS,1_month,Naive CD4 T Cell
TIGIT,0.191088084224276,3.23469206666667,0.748067329743598,0.463752238610488,0.964294862101346,-4.62738638249205,NS,1_month,Naive CD4 T Cell
CXCR5,-0.156593124979902,2.84689328666667,-0.520859310696013,0.608596216661974,0.968775496585817,-4.64629151579563,NS,1_month,Naive CD4 T Cell
CCR6,-0.161536471864953,3.75838257333333,-0.501535978516706,0.621864728139093,0.969488218715242,-4.64760673175177,NS,1_month,Naive CD4 T Cell
GZMB,-0.148675736294212,3.93351684,-0.478635435076725,0.637763224325685,0.970287710029467,-4.64910418031988,NS,1_month,Naive CD4 T Cell
HAVCR2,0.171062554260449,2.88626783333333,0.444586627414405,0.661736562338756,0.971586174406385,-4.65120685833828,NS,1_month,Naive CD4 T Cell
ITGB1,0.0720519678858551,5.47041896,0.461710424114844,0.64963084786957,0.971586174406385,-4.65016794768714,NS,1_month,Naive CD4 T Cell
PRF1,-0.0756267277331206,3.93721674666667,-0.387679813857727,0.702643573421595,0.973793640648756,-4.65438733030647,NS,1_month,Naive CD4 T Cell
CTLA4,0.0661109590434075,4.15094232666667,0.397539003615931,0.695484825750574,0.973793640648756,-4.65386643282913,NS,1_month,Naive CD4 T Cell
GZMA,-0.0802546229099672,3.00939674666667,-0.322703268751973,0.750510968870897,0.975654247645913,-4.65750145495914,NS,1_month,Naive CD4 T Cell
ISG15,-0.0753817355707391,3.50378417333333,-0.293391736495709,0.772463633572905,0.975788905542792,-4.65872371491865,NS,1_month,Naive CD4 T Cell
GZMK,-1.66440960178859,2.134066436,-4.02485990540572,0.0012331759000595,0.947168900397447,-3.64199090453899,NS,1_month,Naive CD8 T Cell
LAG3,-0.855225203930868,1.568617228,-2.59839503339953,0.0209282297795364,0.947168900397447,-4.09494684478868,NS,1_month,Naive CD8 T Cell
HAVCR2,-0.817950316398714,1.68337771333333,-2.0569604068615,0.0586524961846358,0.947168900397447,-4.28628999817388,NS,1_month,Naive CD8 T Cell
CTLA4,-0.46258143221463,2.33505777333333,-1.63207287071463,0.124755161944741,0.947168900397447,-4.43100516732959,NS,1_month,Naive CD8 T Cell
IFIT2,0.444059660088425,1.5879667,1.23192090839016,0.238097767439987,0.947168900397447,-4.55300215599519,NS,1_month,Naive CD8 T Cell
CD40LG,0.438391635180868,0.967744997333333,1.13279628305047,0.276166861198779,0.947168900397447,-4.57992436764846,NS,1_month,Naive CD8 T Cell
GZMA,-0.434487341961415,1.11790033333333,-1.0468492859025,0.312756780564412,0.947168900397447,-4.60196541944154,NS,1_month,Naive CD8 T Cell
ITGB1,-0.423167890273314,3.76607798666667,-1.83812628989131,0.0871688733834574,0.947168900397447,-4.36211732820222,NS,1_month,Naive CD8 T Cell
TIGIT,-0.395758049877411,1.760489538,-1.02565957370564,0.322300843323365,0.947168900397447,-4.60720169626968,NS,1_month,Naive CD8 T Cell
IFIT3,0.317851739760852,1.02723094533333,0.999272377684561,0.334478119245227,0.947168900397447,-4.61360873730723,NS,1_month,Naive CD8 T Cell
CXCR5,0.292728074324759,1.317668004,0.933620739941257,0.366188935210305,0.947168900397447,-4.62898580998898,NS,1_month,Naive CD8 T Cell
ISG15,-0.263944736877011,3.85497674,-1.27789209766746,0.221894233693055,0.947168900397447,-4.54001024425755,NS,1_month,Naive CD8 T Cell
CXCR4,-0.127408584003216,6.90494998,-1.182210473557,0.256646052726193,0.947168900397447,-4.56669600405911,NS,1_month,Naive CD8 T Cell
TNF,0.211066196786575,0.835783524666667,0.704286190549424,0.492705922168643,0.951830999557173,-4.67587459745364,NS,1_month,Naive CD8 T Cell
GZMB,-0.0957978256390675,0.199585102666667,-0.694739902271445,0.498490086962037,0.951830999557173,-4.67758064625794,NS,1_month,Naive CD8 T Cell
CCR4,-0.290456765695338,1.078193366,-0.502049083243656,0.623369698637177,0.959790448007036,-4.70747650829268,NS,1_month,Naive CD8 T Cell
ALAS2,0.0712513534807074,0.164922969333333,0.402761947022679,0.69315432366589,0.966030768204885,-4.71935110983586,NS,1_month,Naive CD8 T Cell
PDCD1,-0.0839223823954984,0.32120502,-0.315705415898507,0.756843551430874,0.968799846686885,-4.72769607542092,NS,1_month,Naive CD8 T Cell
CCR6,-0.0424333877913986,0.534014220666667,-0.138365769186948,0.891904999901977,0.98876535136596,-4.73853451678908,NS,1_month,Naive CD8 T Cell
PRF1,0.0330291954381026,2.28146040666667,0.128956839898505,0.899210420927662,0.989098028346763,-4.73887479582964,NS,1_month,Naive CD8 T Cell
IFIT2,0.998013437017684,4.69897542666667,1.89727371407405,0.0780519551797041,0.788304426468387,-4.03481369844294,NS,1_month,NK Cell
GZMA,-0.363812075884247,6.60478461333333,-1.60862692597685,0.129420678150178,0.815444895506161,-4.33390762849418,NS,1_month,NK Cell
IFIT3,0.75867646772508,3.57869276666667,1.25466947813825,0.229603736219446,0.83345446324296,-4.65806365283066,NS,1_month,NK Cell
PDCD1,-0.292156585012058,0.491471452,-1.06578106798697,0.304086618229623,0.861157926146661,-4.80673542464064,NS,1_month,NK Cell
LAG3,-0.630965319795016,2.21394041333333,-1.01486748195312,0.326937175019451,0.86764738323419,-4.84349114124536,NS,1_month,NK Cell
PRF1,-0.231472644734726,6.68769674666667,-1.01271439368872,0.32793008015826,0.86764738323419,-4.84501291509185,NS,1_month,NK Cell
CCR6,-0.142334222590434,0.267076578,-0.898347964763292,0.383791920376277,0.880761168996201,-4.9219249516616,NS,1_month,NK Cell
CD40LG,-0.248839604738746,0.591109692,-0.844602311154002,0.412161371700832,0.891990169496901,-4.95533113254045,NS,1_month,NK Cell
CCR4,-0.0996143250080386,0.117278872,-0.749979433484428,0.465358464247557,0.904969478067993,-5.00970765563677,NS,1_month,NK Cell
ITGB1,0.0958574802049839,5.33113582,0.683647035301106,0.505063034343856,0.915330450391841,-5.04434560407561,NS,1_month,NK Cell
ISG15,0.173572247487941,4.79486787333333,0.678617834492479,0.508152262586077,0.915567443362434,-5.04685214725773,NS,1_month,NK Cell
TIGIT,0.104902021603697,3.73478895333333,0.571593928015214,0.576420960208245,0.923624507265655,-5.09610709066442,NS,1_month,NK Cell
HAVCR2,-0.0977380419815113,4.15064922666667,-0.544666238836746,0.594327604141138,0.927788998428857,-5.10725173603202,NS,1_month,NK Cell
GZMB,-0.0532694532355302,7.29632434666667,-0.490180895565721,0.631398443766809,0.933831949003217,-5.1282367883505,NS,1_month,NK Cell
TNF,-0.199584371221865,4.06731892,-0.448786503473886,0.660272864710834,0.935815725602288,-5.14276361636335,NS,1_month,NK Cell
CXCR5,0.0593720817524117,0.434446195333333,0.415578267274891,0.683851975616731,0.935815725602288,-5.15352378727606,NS,1_month,NK Cell
CTLA4,0.0695883456310292,0.603767386666667,0.304976870663192,0.764752272654561,0.9490889683457,-5.18354252814321,NS,1_month,NK Cell
ALAS2,0.0538659492142284,0.361087378,0.236486914190653,0.816389501738953,0.960425260214613,-5.19758409302401,NS,1_month,NK Cell
GZMK,0.0635965597266859,4.00249488,0.152545631117144,0.880875838780887,0.973444314424947,-5.20998722758412,NS,1_month,NK Cell
CXCR4,0.0185861844051454,6.81724144,0.10253129677411,0.919750731607703,0.982948991660075,-5.21484253179355,NS,1_month,NK Cell
ALAS2,-0.439699211328413,1.01040553933333,-0.660383300313734,0.520087887089195,0.999738931385376,-4.75014391719506,NS,6_month,B Cell
LAG3,-0.382214074898524,0.923819612,-1.61526362526942,0.129312049018725,0.999738931385376,-4.37144628188035,NS,6_month,B Cell
GZMK,-0.370849285285978,1.85015893466667,-0.96977977110509,0.3491658977498,0.999738931385376,-4.65399039939227,NS,6_month,B Cell
GZMB,0.358145356918819,2.45106906,1.45100147549056,0.169556731171217,0.999738931385376,-4.45149302258242,NS,6_month,B Cell
PRF1,0.350026993058118,2.02089222,1.01435978273619,0.328199396504227,0.999738931385376,-4.63768811778489,NS,6_month,B Cell
TNF,0.29929058943727,2.89210264666667,2.10470499418961,0.054518115618981,0.999738931385376,-4.11361100539259,NS,6_month,B Cell
ITGB1,-0.17516139172048,4.50689129333333,-0.989220732823441,0.339908443668776,0.999738931385376,-4.64695131744003,NS,6_month,B Cell
PDCD1,-0.166800362649908,0.530622354,-1.28635160208507,0.219886534912392,0.999738931385376,-4.52681269236143,NS,6_month,B Cell
CD40LG,-0.133734836554428,1.16003272933333,-0.760975913359805,0.459723011300531,0.999738931385376,-4.72231931273362,NS,6_month,B Cell
GZMA,-0.11679341030904,2.36208256666667,-0.458357345715095,0.653967709848305,0.999738931385376,-4.79508308642439,NS,6_month,B Cell
IFIT2,0.11513377094096,2.44220986,0.669323509485477,0.514543617282911,0.999738931385376,-4.74781285793723,NS,6_month,B Cell
TIGIT,0.10040469822417,1.58444923333333,0.749067872113375,0.466634280579939,0.999738931385376,-4.72579346522868,NS,6_month,B Cell
CXCR5,-0.0725237774907743,5.02818685333333,-0.470262973758193,0.645653876894559,0.999738931385376,-4.7928570272054,NS,6_month,B Cell
IFIT3,-0.0706900567458482,1.23372823,-0.324853082756774,0.750258171165188,0.999738931385376,-4.8162806040896,NS,6_month,B Cell
CCR6,-0.0621217561116221,3.56348865333333,-0.395945210163817,0.698315746389327,0.999738931385376,-4.80585952759953,NS,6_month,B Cell
CCR4,0.0566425785470477,0.879132934,0.319755363701461,0.754035379133492,0.999738931385376,-4.81695102994305,NS,6_month,B Cell
CTLA4,-0.0539380425276749,1.175742154,-0.229760509067127,0.82171332918114,0.999738931385376,-4.82707233560171,NS,6_month,B Cell
HAVCR2,-0.0236335154520297,1.27081998266667,-0.119790554686855,0.906408743457623,0.999738931385376,-4.83498080517437,NS,6_month,B Cell
ISG15,0.018319417850555,3.67011841333333,0.124056260579862,0.903093979211151,0.999738931385376,-4.83476632714478,NS,6_month,B Cell
CXCR4,-0.0129956926199233,7.12361216666667,-0.0916513241256358,0.928317534035028,0.999738931385376,-4.8362081286115,NS,6_month,B Cell
CCR6,-0.614905047107933,1.364036214,-2.59966521315986,0.021192482860844,0.99196929635139,-3.78128432660107,NS,6_month,CD14 Monocyte
CTLA4,-0.446313189160517,1.44563343,-1.69828913525547,0.111890704119394,0.99196929635139,-4.313223601504,NS,6_month,CD14 Monocyte
GZMK,-0.432439393085794,1.73279166133333,-1.37715384862192,0.190407617836136,0.99196929635139,-4.48266563897491,NS,6_month,CD14 Monocyte
IFIT2,0.33039200304428,2.48525299333333,1.07932192965909,0.298959913713618,0.99196929635139,-4.6197442026696,NS,6_month,CD14 Monocyte
GZMB,0.315793882057195,2.63035529333333,1.41834706148915,0.178290403632921,0.99196929635139,-4.4620265678421,NS,6_month,CD14 Monocyte
IFIT3,0.313525450553506,1.93725840666667,1.51478195997279,0.152407149653456,0.99196929635139,-4.41234983099869,NS,6_month,CD14 Monocyte
LAG3,-0.289583944817805,0.691382686,-0.787737116106083,0.44417958628433,0.99196929635139,-4.72894478385757,NS,6_month,CD14 Monocyte
GZMA,-0.243481819280443,2.52517648,-0.770151305768843,0.454201401730804,0.99196929635139,-4.73461450583862,NS,6_month,CD14 Monocyte
CXCR5,-0.243306825530443,1.77876808666667,-1.46667568147411,0.16489464196752,0.99196929635139,-4.43736064870706,NS,6_month,CD14 Monocyte
CXCR4,0.225616162822877,5.42927993333333,1.41881324713439,0.178157002337685,0.99196929635139,-4.46179092839142,NS,6_month,CD14 Monocyte
CD40LG,-0.210376237373155,1.09854049,-1.25942122748304,0.228776914129786,0.99196929635139,-4.53954056194723,NS,6_month,CD14 Monocyte
PDCD1,-0.128481116948801,0.804215444,-0.64707058329397,0.528210315685676,0.99196929635139,-4.77112159961502,NS,6_month,CD14 Monocyte
TNF,-0.0919962916743549,2.47446369333333,-0.326790982511155,0.748732897451206,0.994767967134671,-4.8382136156289,NS,6_month,CD14 Monocyte
PRF1,-0.0703918287822876,2.44360287333333,-0.256900639482538,0.801048517804003,0.996127285872242,-4.84716580789449,NS,6_month,CD14 Monocyte
CCR4,-0.0476112803759228,0.963796310666667,-0.222323678326818,0.827320684229624,0.996127285872242,-4.85081402599417,NS,6_month,CD14 Monocyte
ISG15,-0.0378352212638369,4.39383663333333,-0.218162005567578,0.830498031134624,0.996127285872242,-4.85121805545701,NS,6_month,CD14 Monocyte
HAVCR2,-0.0377085141835778,4.54136454,-0.277362037886702,0.785616388554352,0.996127285872242,-4.84476276881621,NS,6_month,CD14 Monocyte
ALAS2,0.0522118005389759,0.5320650982,0.118992435551329,0.906997264129927,0.996824867973531,-4.85860219725103,NS,6_month,CD14 Monocyte
TIGIT,0.0118426051891145,0.996615966666667,0.0622716120999807,0.951240044888175,0.997309733958242,-4.860878538734,NS,6_month,CD14 Monocyte
ITGB1,-0.00758752636070081,5.39632297333333,-0.0647341594519309,0.949314651146115,0.997309733958242,-4.8608092535819,NS,6_month,CD14 Monocyte
PRF1,0.908475650080719,1.35893719666667,1.61002438293131,0.128926359378085,0.971243413173775,-4.41109452685722,NS,6_month,CD16 Monocyte
CXCR4,0.850135945964024,5.24630544,5.00181564878684,0.000174193678707327,0.971243413173775,-3.12528302035491,NS,6_month,CD16 Monocyte
TIGIT,0.413600859215867,0.488792236,2.25068073032,0.0403854962516225,0.971243413173775,-4.14262491588509,NS,6_month,CD16 Monocyte
HAVCR2,0.311078951706642,3.46125804666667,1.88258878365435,0.0799635526288103,0.971243413173775,-4.30018574920546,NS,6_month,CD16 Monocyte
CCR6,0.296361490622694,0.410280100666667,1.22300904646127,0.240818251001745,0.971243413173775,-4.5528528524749,NS,6_month,CD16 Monocyte
IFIT2,-0.260897550322877,3.48766916666667,-1.28953368716065,0.217388735782431,0.971243413173775,-4.53017513666944,NS,6_month,CD16 Monocyte
PDCD1,0.176362744903137,0.232802173333333,1.42321052087735,0.175819699688135,0.971243413173775,-4.48233409086429,NS,6_month,CD16 Monocyte
GZMA,0.597739660770296,1.64173807333333,1.08878816545739,0.294000626253671,0.973152052223568,-4.59604867022909,NS,6_month,CD16 Monocyte
CXCR5,0.246640749886993,1.10074490733333,0.85164888954953,0.408245060812641,0.973152052223568,-4.66287043529032,NS,6_month,CD16 Monocyte
GZMB,0.478485180230627,1.783022948,0.76083093952409,0.458944213571168,0.97550056740306,-4.68486484173944,NS,6_month,CD16 Monocyte
CTLA4,-0.220703436245387,0.94468444,-0.589681103749916,0.564474251160479,0.976719771912088,-4.72033071606557,NS,6_month,CD16 Monocyte
CD40LG,0.164326703796125,0.494600419333333,0.636898771444095,0.534110612490358,0.976719771912088,-4.71135623839583,NS,6_month,CD16 Monocyte
ITGB1,0.0397348227398524,5.27806706,0.650600793507875,0.52547279856768,0.976719771912088,-4.70863438215208,NS,6_month,CD16 Monocyte
TNF,0.136594164714023,3.87352383333333,0.403727750332232,0.692299980793228,0.979030243885989,-4.74935753703816,NS,6_month,CD16 Monocyte
LAG3,-0.0990785169464946,0.388892252,-0.480343618364114,0.638144149775324,0.979030243885989,-4.73864248797489,NS,6_month,CD16 Monocyte
IFIT3,-0.0891189109778594,2.83935880666667,-0.448140261273158,0.660670605171536,0.979030243885989,-4.74336217491622,NS,6_month,CD16 Monocyte
GZMK,0.137396786196956,0.690204971333333,0.380053572770015,0.709410751389162,0.980787881140243,-4.75230755731104,NS,6_month,CD16 Monocyte
ALAS2,0.100600151678967,0.226550038,0.3799672576477,0.709473441240515,0.980787881140243,-4.75231799816849,NS,6_month,CD16 Monocyte
CCR4,-0.0640745357103321,0.362579162666667,-0.304855773768622,0.76480488493621,0.984216761785257,-4.76052920977249,NS,6_month,CD16 Monocyte
ISG15,-0.046307894903137,4.82276244,-0.253604024143242,0.803359573589726,0.986271799251596,-4.76511953871264,NS,6_month,CD16 Monocyte
IFIT3,1.12053910881688,2.61691140466667,1.71447544294617,0.110101349739389,0.997131530178956,-4.28478732079127,NS,6_month,CD8 T Cell
IFIT2,1.04295728535517,3.72428814666667,1.58236080426806,0.137517076510629,0.997131530178956,-4.3641290512464,NS,6_month,CD8 T Cell
GZMB,0.462716014575649,5.8824351,1.44220805520382,0.172836488522721,0.997131530178956,-4.44481234816003,NS,6_month,CD8 T Cell
CCR6,-0.453770652421585,2.99152592,-1.25121375517545,0.232845798555958,0.997131530178956,-4.54766412352572,NS,6_month,CD8 T Cell
CTLA4,-0.404328512938192,2.19205342,-1.32195233566559,0.208912603088592,0.997131530178956,-4.51062718642508,NS,6_month,CD8 T Cell
CD40LG,-0.362711427629152,2.77370211333333,-1.40975593365176,0.182021585512131,0.997131530178956,-4.46290617259398,NS,6_month,CD8 T Cell
TIGIT,0.322858171563655,3.70051492666667,2.02634221599264,0.0636957600390163,0.997131530178956,-4.08831780232571,NS,6_month,CD8 T Cell
ALAS2,-0.305152241499077,0.543818409333333,-0.654329217200965,0.524276403783465,0.997131530178956,-4.79663496686889,NS,6_month,CD8 T Cell
GZMK,-0.299380234317344,5.60908967333333,-1.24096381093492,0.236487874251417,0.997131530178956,-4.552919988202,NS,6_month,CD8 T Cell
HAVCR2,0.23789998023524,2.03441670666667,0.772639219551219,0.45351751320185,0.997131530178956,-4.75763999385609,NS,6_month,CD8 T Cell
TNF,0.231813036785056,4.81170304,0.703581437813151,0.494069444317225,0.997131530178956,-4.78109663930346,NS,6_month,CD8 T Cell
PDCD1,-0.199206921309963,2.62932552,-0.725429007392403,0.481009677709602,0.997131530178956,-4.77388395406026,NS,6_month,CD8 T Cell
CCR4,-0.158439344153597,1.420009308,-0.589769530516342,0.565427876873594,0.997131530178956,-4.81545458576348,NS,6_month,CD8 T Cell
ITGB1,0.144224398570111,5.38827120666667,0.783396780109197,0.447394077304167,0.997131530178956,-4.7538145037117,NS,6_month,CD8 T Cell
LAG3,-0.0954381578643915,4.21144288666667,-1.08209513647559,0.298821331008448,0.997131530178956,-4.63050451787356,NS,6_month,CD8 T Cell
CXCR4,0.0944351008994486,7.287075,0.806533680908967,0.434403325393111,0.997131530178956,-4.74543317524208,NS,6_month,CD8 T Cell
PRF1,0.0925394561116244,5.56332559333333,0.439662794309076,0.667382109170901,0.997131530178956,-4.85215881228025,NS,6_month,CD8 T Cell
CXCR5,0.0817564879381918,1.50278421333333,0.389569352828094,0.703144965911778,0.997131530178956,-4.86213903572169,NS,6_month,CD8 T Cell
GZMA,0.0166956538514818,6.21745162666667,0.11302576290933,0.911732175127004,0.997131530178956,-4.8958894350865,NS,6_month,CD8 T Cell
ISG15,-0.00221019983856063,4.47421823333333,-0.0114115257274431,0.991067913026655,0.999481123389444,-4.89898746019594,NS,6_month,CD8 T Cell
PRF1,0.744234835482011,0.338229380666667,2.5537481787511,0.020786053575871,0.990958048638503,-4.25091702808202,NS,6_month,cDC2
TNF,0.54975046849631,2.18584269333333,1.66767561434691,0.11408241094266,0.990958048638503,-4.46928023777489,NS,6_month,cDC2
LAG3,0.482562766293819,0.324940564,2.33455394540299,0.0323749623594191,0.990958048638503,-4.30642372339871,NS,6_month,cDC2
GZMA,0.436585071086254,0.355818841333333,1.54437355230375,0.141297264842795,0.990958048638503,-4.49703779377676,NS,6_month,cDC2
GZMK,-0.432838521425277,0.395621366666667,-1.32711163264489,0.202390179245576,0.990958048638503,-4.54299216612555,NS,6_month,cDC2
CTLA4,-0.401342247809041,1.62770081333333,-0.981761178555204,0.340273775707199,0.990958048638503,-4.60607674995999,NS,6_month,cDC2
CCR6,-0.39366681326107,1.55116011533333,-1.0113070263881,0.326346109765213,0.990958048638503,-4.60123911209154,NS,6_month,cDC2
CXCR4,0.3672005087869,6.46027372666667,2.63455151597675,0.0176069965484995,0.990958048638503,-4.23048428740082,NS,6_month,cDC2
CXCR5,0.297889970364391,0.85920059,0.742049270387196,0.4684004395323,0.990958048638503,-4.64087690134428,NS,6_month,cDC2
TIGIT,0.274557552479244,0.607765693333333,0.791905657223502,0.439556665537005,0.990958048638503,-4.63432109086202,NS,6_month,cDC2
PDCD1,0.201787164829336,0.377845588666667,0.675785704574734,0.508458150532421,0.990958048638503,-4.64900406110886,NS,6_month,cDC2
ISG15,0.171745525784133,3.93930994,0.732853548120236,0.473843216921949,0.990958048638503,-4.64204511460526,NS,6_month,cDC2
HAVCR2,0.162606570110701,4.2266439,0.83526558811105,0.415397468720193,0.990958048638503,-4.62832005641118,NS,6_month,cDC2
GZMB,-0.131655803943728,6.16646176,-0.46918992144449,0.645021136969031,0.990958048638503,-4.66983322513751,NS,6_month,cDC2
ALAS2,-0.121311926037823,0.0648192866666667,-0.711433563485118,0.486667550798544,0.990958048638503,-4.64471613035866,NS,6_month,cDC2
IFIT2,0.100784386485239,3.46474250666667,0.318182708878193,0.754303843199429,0.998779400885629,-4.68050603551279,NS,6_month,cDC2
IFIT3,-0.0863206359547971,1.28916494333333,-0.179629872689722,0.859611806225482,0.998779400885629,-4.68676108377342,NS,6_month,cDC2
ITGB1,-0.0328773390682668,4.38765654666667,-0.286583939078624,0.777967600659605,0.998779400885629,-4.68223434773708,NS,6_month,cDC2
CD40LG,0.0123323988699263,0.306175492666667,0.0579735758166592,0.954459991368027,0.998779400885629,-4.68939658858704,NS,6_month,cDC2
CCR4,-0.00371724999999998,0.32410252,-0.0101561612749819,0.992017434223704,0.999318139837501,-4.68969414239459,NS,6_month,cDC2
GZMK,-0.603290940521218,1.44074040866667,-1.61526156576815,0.129673335524997,0.999732256624322,-4.32977501765909,NS,6_month,Lymphocyte
GZMA,-0.515161023009686,0.989392544666667,-2.21521614881549,0.044740848984242,0.999732256624322,-3.90594384755434,NS,6_month,Lymphocyte
IFIT2,0.404595640036902,2.57629963333333,0.961190940547634,0.353574080711014,0.999732256624322,-4.70585978520933,NS,6_month,Lymphocyte
CCR6,-0.334028539695572,1.70021097466667,-0.86102787359034,0.404449780712038,0.999732256624322,-4.75067022579782,NS,6_month,Lymphocyte
ISG15,-0.329304892043357,3.77705169333333,-1.74426389602859,0.104120505171414,0.999732256624322,-4.24279856398532,NS,6_month,Lymphocyte
GZMB,0.263607867022601,0.384999846666667,2.10247465966985,0.0550565659641865,0.999732256624322,-3.98851075346784,NS,6_month,Lymphocyte
IFIT3,0.242115855267528,1.522082964,0.587483717072615,0.566701187910703,0.999732256624322,-4.85104478182718,NS,6_month,Lymphocyte
TNF,0.235740067896679,2.31448193333333,0.778568953346638,0.449838572723556,0.999732256624322,-4.7844344712467,NS,6_month,Lymphocyte
CD40LG,0.229648112361625,3.95571968,2.32163810161443,0.0366940487148677,0.999732256624322,-3.82741352974384,NS,6_month,Lymphocyte
PDCD1,-0.192651532303967,0.483746366666667,-0.911805537253602,0.37807138880878,0.999732256624322,-4.72845987203049,NS,6_month,Lymphocyte
CXCR4,0.119453986369925,6.7086234,1.16582644897108,0.264128053818865,0.999732256624322,-4.60242944496278,NS,6_month,Lymphocyte
TIGIT,-0.114499962430812,1.82161373333333,-0.571154337278484,0.577401365155921,0.999732256624322,-4.85594723887425,NS,6_month,Lymphocyte
CXCR5,0.0873862710562736,1.93550517333333,0.404325608736947,0.692387974713653,0.999732256624322,-4.89854184533806,NS,6_month,Lymphocyte
ITGB1,-0.055241799677122,3.91224552,-0.260584699190357,0.798396327558206,0.999732256624322,-4.92391911782696,NS,6_month,Lymphocyte
ALAS2,0.0470318808602397,1.01028635266667,0.0913960858651213,0.928537539950743,0.999732256624322,-4.93986917472926,NS,6_month,Lymphocyte
CTLA4,0.0435640307426204,3.6024041,0.324038394717533,0.750938925331899,0.999732256624322,-4.91403696217857,NS,6_month,Lymphocyte
CCR4,0.0372900805581178,1.81631061333333,0.172057303033228,0.86597809635862,0.999732256624322,-4.93416524874582,NS,6_month,Lymphocyte
LAG3,-0.0279785583602401,1.36252738333333,-0.19393680404799,0.849150555600558,0.999732256624322,-4.93201938129553,NS,6_month,Lymphocyte
HAVCR2,0.0232990023178046,1.24317405,0.183270648747658,0.857344873913182,0.999732256624322,-4.93309729099931,NS,6_month,Lymphocyte
PRF1,-0.0174251315405904,1.38214949066667,-0.085228848159462,0.933346705219156,0.999732256624322,-4.94016192230722,NS,6_month,Lymphocyte
IFIT3,0.600003911425277,2.01344503733333,1.79805736288478,0.094759378001905,0.998458957945343,-4.21359537191992,NS,6_month,Memory CD4 T Cell
IFIT2,0.50419528039668,2.73193176,1.13782424611393,0.275158587072653,0.998458957945343,-4.61275868386014,NS,6_month,Memory CD4 T Cell
LAG3,-0.439655211600554,2.29371264,-1.482338262189,0.16141600606456,0.998458957945343,-4.41728170928444,NS,6_month,Memory CD4 T Cell
CCR4,0.327576698962176,4.0745878,2.25231958245039,0.0416872577399184,0.998458957945343,-3.89688562066341,NS,6_month,Memory CD4 T Cell
GZMA,-0.32448570751845,3.8185446,-0.859009175581581,0.405462171235833,0.998458957945343,-4.74281059032233,NS,6_month,Memory CD4 T Cell
ALAS2,-0.313816661293819,0.240916187333333,-1.48897811629533,0.159681350085056,0.998458957945343,-4.41320571564272,NS,6_month,Memory CD4 T Cell
GZMB,-0.308233423620849,0.67928632,-1.00797097611319,0.331349642268686,0.998458957945343,-4.67688311901067,NS,6_month,Memory CD4 T Cell
CD40LG,0.266190761485239,4.04915976,2.11491017480078,0.0537362830748851,0.998458957945343,-3.9944906760712,NS,6_month,Memory CD4 T Cell
ISG15,-0.263942797094097,4.283554,-1.66692126871366,0.118754002101294,0.998458957945343,-4.30044876366053,NS,6_month,Memory CD4 T Cell
PDCD1,-0.215125972416975,2.39109527333333,-1.08752606093986,0.2960067767208,0.998458957945343,-4.63829155365727,NS,6_month,Memory CD4 T Cell
GZMK,-0.174145833394834,4.10053840666667,-0.488644964406491,0.633004323002103,0.998458957945343,-4.86624605121829,NS,6_month,Memory CD4 T Cell
CCR6,-0.136216455650368,4.55622763333333,-0.813056845729945,0.430415735832892,0.998458957945343,-4.76137598605314,NS,6_month,Memory CD4 T Cell
ITGB1,-0.130836205488929,5.75354886666667,-1.03552244524642,0.318778314276837,0.998458957945343,-4.66377346189067,NS,6_month,Memory CD4 T Cell
CXCR4,0.127765163607013,7.05159727333333,1.44932711785827,0.170276988823664,0.998458957945343,-4.43739238407399,NS,6_month,Memory CD4 T Cell
HAVCR2,0.0483852767758308,1.54099999333333,0.231725952736848,0.820257131971432,0.998458957945343,-4.91377956833834,NS,6_month,Memory CD4 T Cell
TNF,-0.0393298545202931,3.67023566,-0.162461569120848,0.873370269645347,0.998458957945343,-4.92087595307013,NS,6_month,Memory CD4 T Cell
CXCR5,-0.031441606365314,2.66540758666667,-0.169173878542644,0.868190695095948,0.998458957945343,-4.92029656190686,NS,6_month,Memory CD4 T Cell
PRF1,0.00704088231088607,2.47911362666667,0.0281641027876137,0.977947014348597,0.999983844346503,-4.92754972387862,NS,6_month,Memory CD4 T Cell
CTLA4,-0.0051488467020282,4.18589118,-0.0240360308980768,0.981178640555834,0.999983844346503,-4.92760598064892,NS,6_month,Memory CD4 T Cell
TIGIT,-0.00245969444188043,3.3994282,-0.0236931147112443,0.981447105911713,0.999983844346503,-4.92761025365265,NS,6_month,Memory CD4 T Cell
GZMB,0.857146620364392,4.52644063333333,3.43125557777168,0.00273551834362568,0.882359719149873,-2.96485895104722,NS,6_month,Naive CD4 T Cell
CCR6,-0.786439389921585,3.62889837333333,-2.63337500667135,0.0161941088790155,0.882359719149873,-3.59082700007893,NS,6_month,Naive CD4 T Cell
GZMA,0.671464406019373,3.59642794666667,2.27010777219215,0.034777461097809,0.882359719149873,-3.87072686269988,NS,6_month,Naive CD4 T Cell
PRF1,0.600277063468635,4.3264135,2.25531679492819,0.0358461870718772,0.882359719149873,-3.881878877333,NS,6_month,Naive CD4 T Cell
HAVCR2,0.469815285309041,2.92135074,2.09209035544505,0.0498080402270216,0.882359719149873,-4.00317747145448,NS,6_month,Naive CD4 T Cell
CTLA4,-0.383740793173432,4.09859734,-2.75901392127685,0.0123316987554875,0.882359719149873,-3.49224650807662,NS,6_month,Naive CD4 T Cell
TIGIT,0.340553008279521,3.26157004,1.77392086792609,0.091779155263985,0.896976385604571,-4.22768813808553,NS,6_month,Naive CD4 T Cell
IFIT3,0.863866028643912,2.36548048666667,1.65886639321517,0.113228620741453,0.904409951247869,-4.30393494617755,NS,6_month,Naive CD4 T Cell
IFIT2,0.776389453551659,3.30657308,1.54194466814026,0.139246830122302,0.904531592125819,-4.37818570861702,NS,6_month,Naive CD4 T Cell
LAG3,-0.730988549607933,2.23972375333333,-1.6276417617701,0.119738782818002,0.904531592125819,-4.32409750083307,NS,6_month,Naive CD4 T Cell
CCR4,-0.267999159202029,3.38339292,-1.16776417847233,0.257058661071264,0.931379778810419,-4.58981152003067,NS,6_month,Naive CD4 T Cell
GZMK,-0.592960758394833,3.00005126,-1.05430282580267,0.304702894994474,0.944699846045363,-4.64495768894066,NS,6_month,Naive CD4 T Cell
CXCR5,-0.319215695641144,2.37944716,-0.855772827380617,0.402573174805614,0.952377148179175,-4.72991808583924,NS,6_month,Naive CD4 T Cell
ALAS2,-0.64253861005535,1.47161170666667,-0.732045488704401,0.472895357958619,0.960465246435679,-4.77491746017426,NS,6_month,Naive CD4 T Cell
PDCD1,-0.335426638270296,2.002325076,-0.728858786540494,0.474798608774322,0.960465246435679,-4.77599215212876,NS,6_month,Naive CD4 T Cell
ITGB1,0.0942479968634684,5.53817412666667,0.620534266897042,0.542130400931973,0.960661323411715,-4.80993430379089,NS,6_month,Naive CD4 T Cell
TNF,0.0957175292435428,4.39181717333333,0.528209026241557,0.603346692287277,0.963622402162691,-4.83480557920088,NS,6_month,Naive CD4 T Cell
ISG15,-0.0560004965636525,3.67678716666667,-0.342106281366144,0.735950434395121,0.973858512433283,-4.87319064327598,NS,6_month,Naive CD4 T Cell
CXCR4,0.0304439641374579,6.55176858,0.21429457993504,0.832554438785295,0.982754868004364,-4.89020000847084,NS,6_month,Naive CD4 T Cell
CD40LG,-0.0330891256457568,3.13999617333333,-0.119287466490098,0.906274628643869,0.989244170945302,-4.8978113058242,NS,6_month,Naive CD4 T Cell
GZMK,-0.960022322935885,1.80459903866667,-1.88973439030661,0.0795272303180448,0.984783263195604,-4.30941014396725,NS,6_month,Naive CD8 T Cell
TNF,-0.617435095484317,1.211735072,-1.52989688441017,0.148160271129274,0.984783263195604,-4.44758729234276,NS,6_month,Naive CD8 T Cell
ITGB1,-0.570124331826568,3.66357259333333,-1.64922540830218,0.121190201548389,0.984783263195604,-4.40310893305917,NS,6_month,Naive CD8 T Cell
LAG3,-0.512439971425276,1.27877436333333,-1.1908297410474,0.253378944626905,0.984783263195604,-4.56358003268556,NS,6_month,Naive CD8 T Cell
CCR4,-0.422578884434963,0.818112692666667,-0.922704883210301,0.371678517599972,0.984783263195604,-4.64093321614288,NS,6_month,Naive CD8 T Cell
IFIT3,-0.401721046342251,0.641356170666667,-1.23126005362164,0.238364529023906,0.984783263195604,-4.55070523851451,NS,6_month,Naive CD8 T Cell
CCR6,-0.341938092546125,0.438082926,-1.94823606908811,0.0715711056880986,0.984783263195604,-4.28599757832948,NS,6_month,Naive CD8 T Cell
CXCR5,0.216474675599631,1.31176947733333,0.899458672900599,0.383509967599652,0.984783263195604,-4.64691819072137,NS,6_month,Naive CD8 T Cell
GZMA,-0.212791715645756,0.939004176666667,-0.764625795897285,0.457099055580881,0.984783263195604,-4.67911494180316,NS,6_month,Naive CD8 T Cell
PRF1,-0.212671103505535,2.05277506,-0.57822898474127,0.572228178844156,0.984783263195604,-4.71604416002282,NS,6_month,Naive CD8 T Cell
IFIT2,0.178319960678045,1.80728212666667,0.721145492173481,0.482604823930442,0.984783263195604,-4.68854224918487,NS,6_month,Naive CD8 T Cell
ISG15,-0.172060152029521,3.82313240666667,-0.764055338845736,0.457428174317028,0.984783263195604,-4.67924172502982,NS,6_month,Naive CD8 T Cell
HAVCR2,-0.166731979970019,1.382899512,-0.573454969543337,0.575368060162113,0.984783263195604,-4.71686766285572,NS,6_month,Naive CD8 T Cell
ALAS2,-0.129244740214483,0.056920038,-1.26863860476989,0.225111416426203,0.984783263195604,-4.53854938268805,NS,6_month,Naive CD8 T Cell
CXCR4,0.0840034520295205,6.90579562666667,1.03691062103988,0.317230913470053,0.984783263195604,-4.60978984760306,NS,6_month,Naive CD8 T Cell
GZMB,-0.0937065203505535,0.294607904666667,-0.420217238686011,0.680659126894062,0.985554052243523,-4.73988966256062,NS,6_month,Naive CD8 T Cell
CTLA4,0.0820787082103329,2.22776696666667,0.2968835345094,0.770883176269424,0.987801799755632,-4.75345557772119,NS,6_month,Naive CD8 T Cell
CD40LG,0.0451685530442809,1.17990864533333,0.139232252418359,0.891235420097971,0.994853724331673,-4.76410185581109,NS,6_month,Naive CD8 T Cell
TIGIT,0.0409837145756455,1.61428964666667,0.108745993939269,0.914936113573281,0.997478022110906,-4.76527788500951,NS,6_month,Naive CD8 T Cell
PDCD1,0.0136560839483394,0.38311636,0.0536588042201088,0.957959731405643,0.997494111585533,-4.7666709901867,NS,6_month,Naive CD8 T Cell
IFIT3,0.688656855857933,2.88800790666667,1.46870688544624,0.164184214540819,0.869795894804921,-4.4356240533181,NS,6_month,NK Cell
ALAS2,-0.50217970751845,0.356570282666667,-1.88539787362064,0.0804588611046074,0.869795894804921,-4.20456208712344,NS,6_month,NK Cell
CCR6,-0.401061729677122,0.480365618666667,-2.56977692106773,0.0223492694907466,0.869795894804921,-3.79244333805694,NS,6_month,NK Cell
HAVCR2,0.240196916420665,4.22638861333333,1.9272034332495,0.0746512973227803,0.869795894804921,-4.18012464114574,NS,6_month,NK Cell
CXCR4,0.284225708233393,6.66666194666667,1.37389755314856,0.191231415938603,0.871574119094639,-4.48397263314738,NS,6_month,NK Cell
GZMA,-0.125769940382841,6.84411915333333,-1.31073467147087,0.211197500283034,0.874045478182118,-4.51508198429831,NS,6_month,NK Cell
IFIT2,0.622666267112544,4.19320072666667,1.2000802852681,0.250168966966865,0.878312604172474,-4.56724799135057,NS,6_month,NK Cell
CTLA4,-0.167288653724631,0.44468262,-1.03432327471025,0.31865117551134,0.887482244044316,-4.63919832425213,NS,6_month,NK Cell
LAG3,-0.427474753334872,2.12147188066667,-0.837777219023082,0.416333482389159,0.904765462446427,-4.71356103434051,NS,6_month,NK Cell
TNF,-0.321370224930813,4.14685093333333,-0.834845149169679,0.417927401769918,0.904765462446427,-4.71457237020151,NS,6_month,NK Cell
PDCD1,-0.155119729660978,0.351696135333333,-0.828235326323619,0.421535228606725,0.905273679489606,-4.71684121009226,NS,6_month,NK Cell
TIGIT,0.100496271010149,3.90262988,0.739020357314846,0.472194273227717,0.916992001876564,-4.74594002510836,NS,6_month,NK Cell
ITGB1,0.0573145027444646,5.25397149333333,0.678183913960532,0.50879173924445,0.924229209679554,-4.76410777169616,NS,6_month,NK Cell
GZMB,0.0750814669741686,7.39463441333333,0.676504640910422,0.509824938595497,0.92485085173159,-4.76458948791035,NS,6_month,NK Cell
CCR4,-0.0722868323800738,0.0773590333333333,-0.673312404536331,0.511792372110344,0.92495506819588,-4.76550225295493,NS,6_month,NK Cell
ISG15,0.0930224032749063,4.680252,0.593862118481077,0.562147924351847,0.933148417640591,-4.78695372123532,NS,6_month,NK Cell
GZMK,-0.0640743857011064,4.22710305333333,-0.418916884559921,0.681680095184532,0.953583931408804,-4.82529710868434,NS,6_month,NK Cell
PRF1,0.0551967601014773,6.93851849333333,0.37806599081498,0.711094166449928,0.9573638110083,-4.83242628385657,NS,6_month,NK Cell
CXCR5,-0.0383242090521219,0.478511863333333,-0.227631980116624,0.82324756276237,0.971337905011931,-4.85251865010477,NS,6_month,NK Cell
CD40LG,-0.0252190329404983,0.416400154666667,-0.108243119883584,0.915350281831353,0.984744851756574,-4.86142712754339,NS,6_month,NK Cell
