gene,logFC,AveExpr,PValue,FDR,timepoint,cell_type
CXCR4,-0.0453607250000001,7.1135149875,0.666024084009613,0.99730372883556,1_month,B Cell
CCR4,0.2511945375,1.11183558125,0.628908462684724,0.99730372883556,1_month,B Cell
CCR6,-0.31582365,3.334683175,0.291235236419118,0.99730372883556,1_month,B Cell
CXCR5,-0.0252560749999997,4.9699611125,0.905618168615129,0.998202021625839,1_month,B Cell
ALAS2,-1.27313025,0.636565125,0.391002218955771,0.99730372883556,1_month,B Cell
CXCR4,0.10353905,5.39826335,0.721397551681922,0.962757745963728,1_month,CD14+ Monocyte
CCR4,-0.0902795125,0.68009681875,0.809649763773499,0.97344401333145,1_month,CD14+ Monocyte
CCR6,-0.5367673125,1.12358749375,0.37168265841985,0.954162227582658,1_month,CD14+ Monocyte
CXCR5,-0.3226964325,1.78495333375,0.579856306027321,0.954949223234685,1_month,CD14+ Monocyte
ALAS2,-0.55462849,1.070852455,0.641630669569526,0.956511702291628,1_month,CD14+ Monocyte
CXCR4,0.760957400000001,5.22346455,0.212456745789945,0.867905545342464,1_month,CD16+ Monocyte
CCR4,-0.5693657775,0.37715246875,0.116649457833571,0.867905545342464,1_month,CD16+ Monocyte
CCR6,0.5486256,0.68343505,0.422760556223862,0.873850396539914,1_month,CD16+ Monocyte
CXCR5,0.025296655,1.0057661275,0.970336675457691,0.995470850223243,1_month,CD16+ Monocyte
ALAS2,0.09246958,0.04623479,0.391002218955771,0.867905545342464,1_month,CD16+ Monocyte
CXCR4,0.0262274250000001,7.3060980375,0.889938517121481,0.996111656532847,1_month,CD8+ T Cell
CCR4,-0.4576735125,1.50209201875,0.472756273027366,0.990232396730102,1_month,CD8+ T Cell
CCR6,-0.1164514,3.00940675,0.866555866878805,0.994090912003497,1_month,CD8+ T Cell
CXCR5,-0.411134425,1.6958975375,0.283841405651754,0.990232396730102,1_month,CD8+ T Cell
ALAS2,-0.878058925,0.4390294625,0.331732655099434,0.990232396730102,1_month,CD8+ T Cell
CXCR4,0.291597775,6.3671513375,0.269725717142807,0.880252389143182,1_month,cDC2
CCR4,-0.0988885,0.04944425,0.391002218955771,0.880252389143182,1_month,cDC2
CCR6,-0.0768553150000002,1.5128105575,0.905428115586792,0.981520646471362,1_month,cDC2
CXCR5,-0.385264,0.768913325,0.502415788150478,0.889486152227048,1_month,cDC2
ALAS2,-0.5750621,0.28753105,0.391002218955771,0.880252389143182,1_month,cDC2
CXCR4,-0.0203771250000004,6.6893120375,0.678410097465689,0.958994707605856,1_month,Lymphocyte
CCR4,0.643881525,1.2674855375,0.195840369085846,0.947888740027352,1_month,Lymphocyte
CCR6,-0.50291775,1.5225936,0.571835454693974,0.949591901212267,1_month,Lymphocyte
CXCR5,0.03030775,1.836082225,0.944542265560004,0.994204427411305,1_month,Lymphocyte
ALAS2,-1.7209317175,1.64125016625,0.306544349995608,0.947888740027352,1_month,Lymphocyte
CXCR4,0.000127875000000444,7.0651469625,0.999016730190208,0.999910970609383,1_month,Memory CD4+ T Cell
CCR4,0.3578213,3.961673175,0.151016364857163,0.940465020569642,1_month,Memory CD4+ T Cell
CCR6,-0.36542265,4.515379325,0.142575802258071,0.940465020569642,1_month,Memory CD4+ T Cell
CXCR5,-0.142260625,2.7603440125,0.679267939605667,0.952869983470873,1_month,Memory CD4+ T Cell
ALAS2,-0.1000547825,0.18831158375,0.731919343230174,0.960715562422132,1_month,Memory CD4+ T Cell
CXCR4,-0.300415325,6.6061692125,0.166577636711202,0.986743532407149,1_month,Naive CD4+ T Cell
CCR4,0.17562555,3.497671675,0.459768881459457,0.986743532407149,1_month,Naive CD4+ T Cell
CCR6,-0.242253725,3.7018113125,0.626769254947799,0.987663198556078,1_month,Naive CD4+ T Cell
CXCR5,-0.0138715999999999,2.8648463,0.976805838204295,0.99824462536756,1_month,Naive CD4+ T Cell
ALAS2,-1.01958185,2.1983461,0.628482175717992,0.987663198556078,1_month,Naive CD4+ T Cell
CXCR4,0.0159759249999993,6.9016185875,0.875178497314657,0.988303492707099,1_month,Naive CD8+ T Cell
CCR4,0.25194561,1.00834008,0.726666173399551,0.971312680823011,1_month,Naive CD8+ T Cell
CCR6,-0.1721437975,0.51807996375,0.683711967321996,0.966277207798677,1_month,Naive CD8+ T Cell
CXCR5,0.538362275,1.2167812375,0.239293366672891,0.957982426504996,1_month,Naive CD8+ T Cell
ALAS2,0.17871969,0.21176878,0.611949017774865,0.960828402908526,1_month,Naive CD8+ T Cell
CXCR4,0.15764515,6.740532975,0.637454532317634,0.957938672583037,1_month,NK Cell
CCR4,-0.13322468,0.1240118525,0.544457850057695,0.951386469899092,1_month,NK Cell
CCR6,-0.2056781625,0.34440944375,0.445974255698588,0.948057230533761,1_month,NK Cell
CXCR5,-0.13414619,0.3223367775,0.509033021736571,0.948057230533761,1_month,NK Cell
ALAS2,-0.2101694925,0.39885657125,0.662071069851004,0.958373252927874,1_month,NK Cell
CXCR4,-0.0345722249999998,7.0973798875,0.87579963871956,0.999920590709774,6_month,B Cell
CCR4,-0.10355275,0.9981975,0.756713383562554,0.999920590709774,6_month,B Cell
CCR6,-0.121087425,3.4773009875,0.578884935309629,0.999920590709774,6_month,B Cell
CXCR5,-0.0988091249999998,5.0265244875,0.728633698445157,0.999920590709774,6_month,B Cell
ALAS2,-0.8510547325,0.57012810875,0.246526382228237,0.999920590709774,6_month,B Cell
CXCR4,0.226643225,5.6063836125,0.490273773321891,0.999482918316072,6_month,CD14+ Monocyte
CCR4,0.0562709625,0.99685036875,0.82473400769126,0.999482918316072,6_month,CD14+ Monocyte
CCR6,-0.671278555,1.4687670725,0.204853304634153,0.999482918316072,6_month,CD14+ Monocyte
CXCR5,-0.27329535,1.901742275,0.43062102016921,0.999482918316072,6_month,CD14+ Monocyte
ALAS2,-0.30072429825,0.183768375875,0.434828545204531,0.999482918316072,6_month,CD14+ Monocyte
CXCR4,0.851121825,5.4788424875,0.0689319405745007,0.997852891869193,6_month,CD16+ Monocyte
CCR4,0.23808505,0.119042525,0.391002218955771,0.997852891869193,6_month,CD16+ Monocyte
CCR6,0.53485455,0.352158325,0.235259831048584,0.997852891869193,6_month,CD16+ Monocyte
CXCR5,0.452525035,1.3364090925,0.403387922254393,0.997852891869193,6_month,CD16+ Monocyte
ALAS2,-0.154012075,0.0770060375,0.391002218955771,0.997852891869193,6_month,CD16+ Monocyte
CXCR4,0.14093375,7.347285375,0.599064641607483,0.999987227894048,6_month,CD8+ T Cell
CCR4,0.0287040125,1.31759899375,0.951625704520382,0.999987227894048,6_month,CD8+ T Cell
CCR6,-0.47271775,3.059349425,0.536643757604328,0.999987227894048,6_month,CD8+ T Cell
CXCR5,0.0965477750000001,1.3405563875,0.751640580734777,0.999987227894048,6_month,CD8+ T Cell
ALAS2,-0.93335768,0.541690035,0.215178236607835,0.999987227894048,6_month,CD8+ T Cell
CXCR4,0.3909781,6.36579905,0.251837566309958,0.999824143817305,6_month,cDC2
CCR4,-0.163328825,0.0816644125,0.391002218955771,0.999824143817305,6_month,cDC2
CCR6,-0.0579613675000001,1.85454344125,0.927539797900374,0.999824143817305,6_month,cDC2
CXCR5,0.26563485,0.8050469,0.629220492948884,0.999824143817305,6_month,cDC2
ALAS2,-0.243072325,0.1215361625,0.391002218955771,0.999824143817305,6_month,cDC2
CXCR4,0.0962487000000003,6.7329609,0.598452841036575,0.999966975535383,6_month,Lymphocyte
CCR4,0.133469225,1.7056093875,0.764021957202365,0.999966975535383,6_month,Lymphocyte
CCR6,-0.49351587,1.544311815,0.49272063087601,0.999966975535383,6_month,Lymphocyte
CXCR5,0.00483982499999991,1.9134337875,0.991894344343319,0.999966975535383,6_month,Lymphocyte
ALAS2,-0.570552445,0.4253915475,0.414042656466083,0.999966975535383,6_month,Lymphocyte
CXCR4,0.0932980250000002,7.1049777375,0.625719814254277,0.999736237640298,6_month,Memory CD4+ T Cell
CCR4,0.31501115,4.069893275,0.250863784342571,0.999736237640298,6_month,Memory CD4+ T Cell
CCR6,-0.294088625,4.6135110625,0.335073623264698,0.999736237640298,6_month,Memory CD4+ T Cell
CXCR5,-0.195620275,2.5917388625,0.196709638307422,0.999736237640298,6_month,Memory CD4+ T Cell
ALAS2,-0.32277391,0.252730895,0.497421522277448,0.999736237640298,6_month,Memory CD4+ T Cell
CXCR4,0.0460113500000006,6.720524675,0.867961206270661,0.99913240469322,6_month,Naive CD4+ T Cell
CCR4,0.0905329500000001,3.342093475,0.809787368880461,0.998066551652945,6_month,Naive CD4+ T Cell
CCR6,-0.82921295,3.63365155,0.175968868120046,0.996815812948814,6_month,Naive CD4+ T Cell
CXCR5,-0.734447525,2.3504733125,0.393818387768765,0.996815812948814,6_month,Naive CD4+ T Cell
ALAS2,-1.93462775,0.967313875,0.204882243248047,0.996815812948814,6_month,Naive CD4+ T Cell
CXCR4,0.112271675000001,6.9202871375,0.436928214074248,0.99934099457384,6_month,Naive CD8+ T Cell
CCR4,-0.587090045,0.7154319975,0.440352297357561,0.99934099457384,6_month,Naive CD8+ T Cell
CCR6,-0.4129227775,0.40321666375,0.229382287472923,0.99934099457384,6_month,Naive CD8+ T Cell
CXCR5,0.15482372,0.987500795,0.479437138953093,0.99934099457384,6_month,Naive CD8+ T Cell
ALAS2,-0.176640375,0.0883201875,0.391002218955771,0.99934099457384,6_month,Naive CD8+ T Cell
CXCR4,0.269291375,6.7632669125,0.606210793362807,0.997069432629415,6_month,NK Cell
CCR4,-0.013075875,0.0756306375,0.907149190705438,0.997069432629415,6_month,NK Cell
CCR6,-0.38559314,0.457685255,0.260501246931866,0.997069432629415,6_month,NK Cell
CXCR5,-0.0546303550000001,0.4905822225,0.833610516183347,0.997069432629415,6_month,NK Cell
ALAS2,-0.725682025,0.3628410125,0.243851027398083,0.997069432629415,6_month,NK Cell
